"",".y.","group1","group2","p","p.adj","p.format","p.signif","method","cancer","gene","mut_ov_wt","mut_wt_cohens_d.Cohens_d","mut_wt_cohens_d.CI","mut_wt_cohens_d.CI_low","mut_wt_cohens_d.CI_high","WT_NUM","MUT_NUM"
"1","SA_PUR_div","WT","MUT",8.880639e-02,8.9e-02,"0.089","ns","Wilcoxon","all","AGGF1",0.8293696,-0.1289753003, 0.9500000000,-0.3211453691, 0.0632060804,6437,110
"2","SA_PUR_div","WT","MUT",1.474117e-03,1.5e-03,"0.0015","**","Wilcoxon","all","CCAR1",0.6386897,-0.2744948626, 0.9500000000,-0.4553832721,-0.0935824070,6418,129
"3","SA_PUR_div","WT","MUT",2.568419e-02,2.6e-02,"0.026","*","Wilcoxon","all","CD2BP2",0.6348217,-0.2761456523, 0.9500000000,-0.5466615171,-0.0056057507,6490, 57
"4","SA_PUR_div","WT","MUT",3.227964e-01,3.2e-01,"0.32","ns","Wilcoxon","all","CDC5L",0.9191021,-0.0610297675, 0.9500000000,-0.2638127845, 0.1417586366,6450, 97
"5","SA_PUR_div","WT","MUT",3.300055e-02,3.3e-02,"0.033","*","Wilcoxon","all","CDK11A",0.7545845,-0.1854758924, 0.9500000000,-0.4228832905, 0.0519477148,6477, 70
"6","SA_PUR_div","WT","MUT",5.362167e-01,5.4e-01,"0.54","ns","Wilcoxon","all","CDK12",1.0376112, 0.0283011801, 0.9500000000,-0.1189656054, 0.1755654391,6354,193
"7","SA_PUR_div","WT","MUT",7.416287e-02,7.4e-02,"0.074","ns","Wilcoxon","all","CELF4",0.8029531,-0.1491272895, 0.9500000000,-0.3263979916, 0.0281565638,6418,129
"8","SA_PUR_div","WT","MUT",1.332060e-03,1.3e-03,"0.0013","**","Wilcoxon","all","CLK4",0.5507008,-0.3403279975, 0.9500000000,-0.5926897604,-0.0879364118,6483, 64
"9","SA_PUR_div","WT","MUT",5.243640e-02,5.2e-02,"0.052","ns","Wilcoxon","all","CWC22",0.8088339,-0.1445023915, 0.9500000000,-0.3472960100, 0.0583038987,6449, 98
"10","SA_PUR_div","WT","MUT",1.358355e-03,1.4e-03,"0.0014","**","Wilcoxon","all","DDX17",0.7280912,-0.2057752026, 0.9500000000,-0.4163623268, 0.0048299427,6455, 92
"11","SA_PUR_div","WT","MUT",2.072971e-01,2.1e-01,"0.21","ns","Wilcoxon","all","DDX18",0.7873174,-0.1608947149, 0.9500000000,-0.3539670389, 0.0321917184,6437,110
"12","SA_PUR_div","WT","MUT",3.758738e-02,3.8e-02,"0.038","*","Wilcoxon","all","DDX20",0.7515004,-0.1881308800, 0.9500000000,-0.3812103189, 0.0049650348,6437,110
"13","SA_PUR_div","WT","MUT",1.457885e-01,1.5e-01,"0.15","ns","Wilcoxon","all","DDX23",0.8340644,-0.1253878210, 0.9500000000,-0.3241102504, 0.0733455709,6444,103
"14","SA_PUR_div","WT","MUT",4.481329e-02,4.5e-02,"0.045","*","Wilcoxon","all","DDX26B",0.8395775,-0.1212912669, 0.9500000000,-0.3006739382, 0.0581021113,6418,129
"15","SA_PUR_div","WT","MUT",5.934156e-03,5.9e-03,"0.0059","**","Wilcoxon","all","DDX27",0.6934387,-0.2322668950, 0.9500000000,-0.4330189082,-0.0314945131,6444,103
"16","SA_PUR_div","WT","MUT",3.068118e-04,3.1e-04,"0.00031","***","Wilcoxon","all","DDX3X",0.6816672,-0.2416409081, 0.9500000000,-0.4196390548,-0.0636216316,6415,132
"17","SA_PUR_div","WT","MUT",6.794008e-01,6.8e-01,"0.68","ns","Wilcoxon","all","DDX41",0.9325487,-0.0508571160, 0.9500000000,-0.2899657849, 0.1882559920,6472, 75
"18","SA_PUR_div","WT","MUT",4.920154e-01,4.9e-01,"0.49","ns","Wilcoxon","all","DDX50",0.8919922,-0.0814981036, 0.9500000000,-0.3008352118, 0.1378461558,6456, 91
"19","SA_PUR_div","MUT","WT",4.569907e-01,4.6e-01,"0.46","ns","Wilcoxon","all","DDX5",1.0276611, 0.0208307847, 0.9500000000,-0.1985060449, 0.2401657853,6458, 89
"20","SA_PUR_div","WT","MUT",3.281381e-02,3.3e-02,"0.033","*","Wilcoxon","all","DHX16",0.7517878,-0.1880526241, 0.9500000000,-0.3681750726,-0.0079136967,6422,125
"21","SA_PUR_div","WT","MUT",5.307560e-01,5.3e-01,"0.53","ns","Wilcoxon","all","DHX35",0.8379571,-0.1223498914, 0.9500000000,-0.3501744300, 0.1054853408,6467, 80
"22","SA_PUR_div","WT","MUT",2.811945e-01,2.8e-01,"0.28","ns","Wilcoxon","all","DHX36",0.8498299,-0.1134907438, 0.9500000000,-0.2981344374, 0.0711630176,6425,122
"23","SA_PUR_div","WT","MUT",1.354989e-03,1.4e-03,"0.0014","**","Wilcoxon","all","DHX9",0.6938330,-0.2328651807, 0.9500000000,-0.3886698166,-0.0770401374,6375,172
"24","SA_PUR_div","WT","MUT",5.818941e-01,5.8e-01,"0.58","ns","Wilcoxon","all","EEF1A1",0.9119772,-0.0664025827, 0.9500000000,-0.2805918667, 0.1477925062,6456, 91
"25","SA_PUR_div","WT","MUT",1.857023e-03,1.9e-03,"0.0019","**","Wilcoxon","all","EFTUD2",0.6544877,-0.2621420979, 0.9500000000,-0.4543519566,-0.0699092831,6431,116
"26","SA_PUR_div","WT","MUT",7.201129e-01,7.2e-01,"0.72","ns","Wilcoxon","all","EIF2S2",0.9534916,-0.0350511460, 0.9500000000,-0.3252027595, 0.2551035185,6500, 47
"27","SA_PUR_div","WT","MUT",4.054277e-01,4.1e-01,"0.41","ns","Wilcoxon","all","ELAVL1",0.9434112,-0.0426707281, 0.9500000000,-0.2509169874, 0.1655792630,6452, 95
"28","SA_PUR_div","WT","MUT",1.473415e-01,1.5e-01,"0.15","ns","Wilcoxon","all","ELAVL2",0.8590975,-0.1064734082, 0.9500000000,-0.2888029196, 0.0758654248,6423,124
"29","SA_PUR_div","WT","MUT",1.981896e-02,2.0e-02,"0.02","*","Wilcoxon","all","ELAVL4",0.7640022,-0.1787300193, 0.9500000000,-0.3603241032, 0.0028797170,6425,122
"30","SA_PUR_div","WT","MUT",3.595862e-02,3.6e-02,"0.036","*","Wilcoxon","all","FAM58A",0.8106809,-0.1428511037, 0.9500000000,-0.4361893172, 0.1504996217,6499, 48
"31","SA_PUR_div","WT","MUT",8.343067e-02,8.3e-02,"0.083","ns","Wilcoxon","all","FRA10AC1",0.9034159,-0.0728201042, 0.9500000000,-0.3661527135, 0.2205188734,6499, 48
"32","SA_PUR_div","WT","MUT",3.571330e-01,3.6e-01,"0.36","ns","Wilcoxon","all","FUBP1",0.9419586,-0.0437711437, 0.9500000000,-0.2424854314, 0.1549469702,6441,106
"33","SA_PUR_div","WT","MUT",4.080737e-01,4.1e-01,"0.41","ns","Wilcoxon","all","FUBP3",0.9614498,-0.0290574897, 0.9500000000,-0.2553919766, 0.1972795068,6467, 80
"34","SA_PUR_div","WT","MUT",2.675247e-01,2.7e-01,"0.27","ns","Wilcoxon","all","GPATCH8",0.8427060,-0.1190682821, 0.9500000000,-0.2734626802, 0.0353365283,6372,175
"35","SA_PUR_div","WT","MUT",1.905013e-03,1.9e-03,"0.0019","**","Wilcoxon","all","HNRNPCL1",0.5921674,-0.3094158453, 0.9500000000,-0.5200410917,-0.0987634894,6455, 92
"36","SA_PUR_div","WT","MUT",4.635850e-02,4.6e-02,"0.046","*","Wilcoxon","all","HNRNPDL",0.7048859,-0.2229907426, 0.9500000000,-0.4934923135, 0.0475303510,6487, 60
"37","SA_PUR_div","WT","MUT",2.396057e-02,2.4e-02,"0.024","*","Wilcoxon","all","HNRNPD",0.7217965,-0.2103517612, 0.9500000000,-0.4477650565, 0.0270799547,6474, 73
"38","SA_PUR_div","WT","MUT",1.741034e-01,1.7e-01,"0.17","ns","Wilcoxon","all","HNRNPH3",0.6885490,-0.2353910289, 0.9500000000,-0.5034033974, 0.0326420583,6491, 56
"39","SA_PUR_div","WT","MUT",7.309159e-03,7.3e-03,"0.0073","**","Wilcoxon","all","HNRNPK",0.6641225,-0.2546619976, 0.9500000000,-0.4534203436,-0.0558813838,6445,102
"40","SA_PUR_div","WT","MUT",1.641951e-02,1.6e-02,"0.016","*","Wilcoxon","all","HNRNPL",0.7202968,-0.2115686708, 0.9500000000,-0.4379278156, 0.0148090291,6469, 78
"41","SA_PUR_div","WT","MUT",3.619422e-05,3.6e-05,"3.6e-05","****","Wilcoxon","all","IGF2BP3",0.5206446,-0.3644648001, 0.9500000000,-0.5663013079,-0.1625963955,6449, 98
"42","SA_PUR_div","WT","MUT",5.146101e-01,5.1e-01,"0.51","ns","Wilcoxon","all","INTS4",1.0060875, 0.0045856178, 0.9500000000,-0.1931507458, 0.2023216016,6438,109
"43","SA_PUR_div","WT","MUT",3.382026e-02,3.4e-02,"0.034","*","Wilcoxon","all","INTS7",0.8294970,-0.1288584424, 0.9500000000,-0.3256393341, 0.0679338222,6439,108
"44","SA_PUR_div","WT","MUT",3.028964e-01,3.0e-01,"0.3","ns","Wilcoxon","all","KIAA1429",0.8717879,-0.0969853040, 0.9500000000,-0.2474756985, 0.0535136001,6359,188
"45","SA_PUR_div","WT","MUT",8.353884e-01,8.4e-01,"0.84","ns","Wilcoxon","all","KIN",0.9256752,-0.0560518567, 0.9500000000,-0.2795059627, 0.1674071818,6467, 80
"46","SA_PUR_div","WT","MUT",3.956744e-01,4.0e-01,"0.4","ns","Wilcoxon","all","MBNL2",0.9620741,-0.0285843481, 0.9500000000,-0.2749643357, 0.2177981056,6480, 67
"47","SA_PUR_div","WT","MUT",1.758471e-01,1.8e-01,"0.18","ns","Wilcoxon","all","MOV10",0.8800268,-0.0905686821, 0.9500000000,-0.2944117188, 0.1132822665,6446,101
"48","SA_PUR_div","WT","MUT",3.899722e-01,3.9e-01,"0.39","ns","Wilcoxon","all","NCBP1",0.9218130,-0.0589760489, 0.9500000000,-0.2695385529, 0.1515915902,6454, 93
"49","SA_PUR_div","WT","MUT",2.894551e-01,2.9e-01,"0.29","ns","Wilcoxon","all","NELFE",0.7698735,-0.1737348991, 0.9500000000,-0.4549497260, 0.1074954586,6497, 50
"50","SA_PUR_div","WT","MUT",2.291902e-05,2.3e-05,"2.3e-05","****","Wilcoxon","all","NOVA1",0.7215297,-0.2117374735, 0.9500000000,-0.3622624577,-0.0611939477,6369,178
"51","SA_PUR_div","WT","MUT",1.978463e-01,2.0e-01,"0.2","ns","Wilcoxon","all","NSRP1",0.8291531,-0.1289528910, 0.9500000000,-0.3833289473, 0.1254344384,6483, 64
"52","SA_PUR_div","WT","MUT",8.929960e-02,8.9e-02,"0.089","ns","Wilcoxon","all","PABPC1",1.0823791, 0.0619969400, 0.9500000000,-0.1673411693, 0.2913296717,6468, 79
"53","SA_PUR_div","WT","MUT",8.815639e-01,8.8e-01,"0.88","ns","Wilcoxon","all","PCBP1",0.8483095,-0.1145004697, 0.9500000000,-0.3502151108, 0.1212242042,6472, 75
"54","SA_PUR_div","WT","MUT",6.672418e-01,6.7e-01,"0.67","ns","Wilcoxon","all","PCBP2",1.0860853, 0.0648050842, 0.9500000000,-0.2108845221, 0.3404889785,6494, 53
"55","SA_PUR_div","WT","MUT",2.462574e-03,2.5e-03,"0.0025","**","Wilcoxon","all","PCBP3",0.6813820,-0.2411653422, 0.9500000000,-0.4660788880,-0.0162307001,6464, 83
"56","SA_PUR_div","WT","MUT",8.315599e-02,8.3e-02,"0.083","ns","Wilcoxon","all","PHF5A",0.4663894,-0.4029580143, 0.9500000000,-0.8216790337, 0.0157982702,6523, 24
"57","SA_PUR_div","WT","MUT",1.309599e-02,1.3e-02,"0.013","*","Wilcoxon","all","PLRG1",0.6580110,-0.2589011581, 0.9500000000,-0.4882715587,-0.0295080427,6468, 79
"58","SA_PUR_div","WT","MUT",1.863941e-01,1.9e-01,"0.19","ns","Wilcoxon","all","PPIG",0.8344852,-0.1250840515, 0.9500000000,-0.3199794390, 0.0698223297,6437,110
"59","SA_PUR_div","WT","MUT",1.185811e-01,1.2e-01,"0.12","ns","Wilcoxon","all","PPIL1",0.7567602,-0.1835829357, 0.9500000000,-0.4945821563, 0.1274324928,6504, 43
"60","SA_PUR_div","WT","MUT",3.702224e-01,3.7e-01,"0.37","ns","Wilcoxon","all","PPIL4",0.8129286,-0.1412450071, 0.9500000000,-0.3876330708, 0.1051554379,6479, 68
"61","SA_PUR_div","WT","MUT",6.784419e-02,6.8e-02,"0.068","ns","Wilcoxon","all","PRPF38B",0.6941127,-0.2315770460, 0.9500000000,-0.4470494960,-0.0160842613,6461, 86
"62","SA_PUR_div","WT","MUT",6.053019e-02,6.1e-02,"0.061","ns","Wilcoxon","all","PRPF39",0.7042846,-0.2236226889, 0.9500000000,-0.4645133591, 0.0172876496,6473, 74
"63","SA_PUR_div","WT","MUT",2.371332e-01,2.4e-01,"0.24","ns","Wilcoxon","all","PRPF3",1.1276914, 0.0960388002, 0.9500000000,-0.1288529238, 0.3209221347,6465, 82
"64","SA_PUR_div","WT","MUT",1.247162e-02,1.2e-02,"0.012","*","Wilcoxon","all","PRPF40B",0.7676371,-0.1758318199, 0.9500000000,-0.3716735206, 0.0200253285,6440,107
"65","SA_PUR_div","WT","MUT",1.631503e-01,1.6e-01,"0.16","ns","Wilcoxon","all","PRPF4B",0.8597841,-0.1059394518, 0.9500000000,-0.2921754260, 0.0803058389,6425,122
"66","SA_PUR_div","WT","MUT",5.867264e-02,5.9e-02,"0.059","ns","Wilcoxon","all","PSIP1",0.7613309,-0.1807240844, 0.9500000000,-0.3661742702, 0.0047419358,6428,119
"67","SA_PUR_div","WT","MUT",1.619863e-06,1.6e-06,"1.6e-06","****","Wilcoxon","all","QKI",0.6078490,-0.2987813965, 0.9500000000,-0.4626376568,-0.1348988372,6385,162
"68","SA_PUR_div","WT","MUT",1.121307e-03,1.1e-03,"0.0011","**","Wilcoxon","all","RALYL",0.7578015,-0.1834363798, 0.9500000000,-0.3665441249,-0.0003125961,6421,126
"69","SA_PUR_div","WT","MUT",3.942917e-01,3.9e-01,"0.39","ns","Wilcoxon","all","RBBP6",0.9339229,-0.0498948724, 0.9500000000,-0.1927116899, 0.0929268734,6343,204
"70","SA_PUR_div","WT","MUT",1.063701e-02,1.1e-02,"0.011","*","Wilcoxon","all","RBM10",0.7460791,-0.1926256516, 0.9500000000,-0.3575288393,-0.0277055700,6397,150
"71","SA_PUR_div","WT","MUT",6.522483e-02,6.5e-02,"0.065","ns","Wilcoxon","all","RBM15B",0.7670138,-0.1762826249, 0.9500000000,-0.3750157845, 0.0224659911,6438,109
"72","SA_PUR_div","WT","MUT",1.709361e-03,1.7e-03,"0.0017","**","Wilcoxon","all","RBM25",0.7875372,-0.1606768698, 0.9500000000,-0.3614084849, 0.0400687282,6446,101
"73","SA_PUR_div","WT","MUT",7.547699e-01,7.5e-01,"0.75","ns","Wilcoxon","all","RBM26",1.0323494, 0.0243552033, 0.9500000000,-0.1602834395, 0.2089916824,6426,121
"74","SA_PUR_div","WT","MUT",2.613205e-02,2.6e-02,"0.026","*","Wilcoxon","all","RBM27",0.7775254,-0.1685536141, 0.9500000000,-0.3386785553, 0.0015860696,6402,145
"75","SA_PUR_div","WT","MUT",8.117972e-01,8.1e-01,"0.81","ns","Wilcoxon","all","RBM7",0.8575574,-0.1074145552, 0.9500000000,-0.4306812832, 0.2158616398,6507, 40
"76","SA_PUR_div","WT","MUT",4.712297e-01,4.7e-01,"0.47","ns","Wilcoxon","all","RBM8A",0.8049835,-0.1471680456, 0.9500000000,-0.4342487358, 0.1399255079,6498, 49
"77","SA_PUR_div","WT","MUT",7.564845e-01,7.6e-01,"0.76","ns","Wilcoxon","all","RBMX2",0.7939550,-0.1555123799, 0.9500000000,-0.4396133410, 0.1286021963,6497, 50
"78","SA_PUR_div","WT","MUT",1.020760e-02,1.0e-02,"0.01","*","Wilcoxon","all","RBMX",0.6976653,-0.2289658887, 0.9500000000,-0.4361161399,-0.0217956537,6449, 98
"79","SA_PUR_div","WT","MUT",1.040918e-04,1.0e-04,"1e-04","***","Wilcoxon","all","RNF20",0.6576815,-0.2599066211, 0.9500000000,-0.4422812514,-0.0775092476,6426,121
"80","SA_PUR_div","WT","MUT",6.387524e-02,6.4e-02,"0.064","ns","Wilcoxon","all","SF1",0.7725924,-0.1720648234, 0.9500000000,-0.3679055928, 0.0237910670,6441,106
"81","SA_PUR_div","WT","MUT",4.546626e-01,4.5e-01,"0.45","ns","Wilcoxon","all","SF3B1",0.9830172,-0.0128012060, 0.9500000000,-0.1604561103, 0.1348548078,6351,196
"82","SA_PUR_div","WT","MUT",7.797982e-02,7.8e-02,"0.078","ns","Wilcoxon","all","SF3B2",0.7659784,-0.1770929746, 0.9500000000,-0.3729350147, 0.0187646315,6439,108
"83","SA_PUR_div","WT","MUT",9.335458e-01,9.3e-01,"0.93","ns","Wilcoxon","all","SF3B3",0.8972622,-0.0775671940, 0.9500000000,-0.2606541962, 0.1055265845,6427,120
"84","SA_PUR_div","WT","MUT",2.177688e-02,2.2e-02,"0.022","*","Wilcoxon","all","SKIV2L2",0.7192922,-0.2127961384, 0.9500000000,-0.3959132770,-0.0296603420,6422,125
"85","SA_PUR_div","WT","MUT",1.113832e-01,1.1e-01,"0.11","ns","Wilcoxon","all","SNRNP200",0.8350993,-0.1248945285, 0.9500000000,-0.2749761455, 0.0251979902,6363,184
"86","SA_PUR_div","WT","MUT",1.326465e-02,1.3e-02,"0.013","*","Wilcoxon","all","SNRNP35",0.5829785,-0.3152510724, 0.9500000000,-0.6188401785,-0.0116343277,6504, 43
"87","SA_PUR_div","WT","MUT",3.925108e-01,3.9e-01,"0.39","ns","Wilcoxon","all","SNRNP48",0.8931874,-0.0805310817, 0.9500000000,-0.3915201539, 0.2304650729,6504, 43
"88","SA_PUR_div","WT","MUT",5.565333e-01,5.6e-01,"0.56","ns","Wilcoxon","all","SNRPD3",0.7314805,-0.2025599657, 0.9500000000,-0.5878281096, 0.1827258695,6521, 26
"89","SA_PUR_div","WT","MUT",3.425473e-01,3.4e-01,"0.34","ns","Wilcoxon","all","SNRPN",0.8449608,-0.1171897473, 0.9500000000,-0.3002820656, 0.0659128693,6421,126
"90","SA_PUR_div","WT","MUT",1.982943e-01,2.0e-01,"0.2","ns","Wilcoxon","all","SPEN",0.8408332,-0.1209877055, 0.9500000000,-0.2361771674,-0.0057876579,6220,327
"91","SA_PUR_div","WT","MUT",3.894812e-01,3.9e-01,"0.39","ns","Wilcoxon","all","SRSF2",1.0100396, 0.0075627540, 0.9500000000,-0.2629180149, 0.2780428628,6492, 55
"92","SA_PUR_div","WT","MUT",1.522990e-03,1.5e-03,"0.0015","**","Wilcoxon","all","SRSF5",0.5033608,-0.3761663917, 0.9500000000,-0.6442267525,-0.1080730910,6489, 58
"93","SA_PUR_div","WT","MUT",1.184532e-01,1.2e-01,"0.12","ns","Wilcoxon","all","SYNCRIP",0.7702653,-0.1738038717, 0.9500000000,-0.3735310948, 0.0259387311,6441,106
"94","SA_PUR_div","WT","MUT",1.836582e-02,1.8e-02,"0.018","*","Wilcoxon","all","TCERG1",0.8567110,-0.1083620170, 0.9500000000,-0.2726922045, 0.0559777136,6392,155
"95","SA_PUR_div","WT","MUT",1.464217e-01,1.5e-01,"0.15","ns","Wilcoxon","all","THOC5",0.8185779,-0.1370342215, 0.9500000000,-0.3604966230, 0.0864401516,6466, 81
"96","SA_PUR_div","WT","MUT",4.065662e-01,4.1e-01,"0.41","ns","Wilcoxon","all","THOC6",0.8020319,-0.1494159381, 0.9500000000,-0.4278256452, 0.1290070417,6492, 55
"97","SA_PUR_div","WT","MUT",1.257868e-01,1.3e-01,"0.13","ns","Wilcoxon","all","THOC7",0.5591618,-0.3325457809, 0.9500000000,-0.8392946947, 0.1742323101,6532, 15
"98","SA_PUR_div","WT","MUT",8.782532e-02,8.8e-02,"0.088","ns","Wilcoxon","all","THRAP3",0.7387810,-0.1979501979, 0.9500000000,-0.3795501046,-0.0163329657,6421,126
"99","SA_PUR_div","WT","MUT",8.094103e-01,8.1e-01,"0.81","ns","Wilcoxon","all","TIA1",0.9757152,-0.0183001988, 0.9500000000,-0.2685782786, 0.2319794578,6484, 63
"100","SA_PUR_div","WT","MUT",1.558855e-01,1.6e-01,"0.16","ns","Wilcoxon","all","TIAL1",0.7462943,-0.1917357881, 0.9500000000,-0.4344147358, 0.0509599535,6479, 68
"101","SA_PUR_div","WT","MUT",1.106290e-01,1.1e-01,"0.11","ns","Wilcoxon","all","TNPO1",0.7530085,-0.1870613941, 0.9500000000,-0.3725134450,-0.0015929636,6426,121
"102","SA_PUR_div","WT","MUT",9.162947e-02,9.2e-02,"0.092","ns","Wilcoxon","all","TRIM24",0.8015730,-0.1500496601, 0.9500000000,-0.3458853210, 0.0457991250,6439,108
"103","SA_PUR_div","WT","MUT",9.447803e-02,9.4e-02,"0.094","ns","Wilcoxon","all","TTC14",0.8542416,-0.1102810557, 0.9500000000,-0.2669817053, 0.0464292465,6377,170
"104","SA_PUR_div","WT","MUT",9.636269e-01,9.6e-01,"0.96","ns","Wilcoxon","all","U2AF1",1.0120039, 0.0090421793, 0.9500000000,-0.2412369783, 0.2593204735,6483, 64
"105","SA_PUR_div","WT","MUT",4.636489e-01,4.6e-01,"0.46","ns","Wilcoxon","all","U2AF2",1.0210928, 0.0158867082, 0.9500000000,-0.2249797207, 0.2567517113,6478, 69
"106","SA_PUR_div","WT","MUT",1.634892e-01,1.6e-01,"0.16","ns","Wilcoxon","all","U2SURP",0.7573384,-0.1837388384, 0.9500000000,-0.3716282032, 0.0041666272,6424,123
"107","SA_PUR_div","WT","MUT",6.434034e-01,6.4e-01,"0.64","ns","Wilcoxon","all","WBP11",1.0839377, 0.0631631909, 0.9500000000,-0.1575251982, 0.2838460456,6464, 83
"108","SA_PUR_div","WT","MUT",3.581606e-03,3.6e-03,"0.0036","**","Wilcoxon","all","WBP4",0.6604064,-0.2568260305, 0.9500000000,-0.5133526828,-0.0002768453,6484, 63
"109","SA_PUR_div","WT","MUT",8.433841e-03,8.4e-03,"0.0084","**","Wilcoxon","all","ZC3H13",0.7869266,-0.1617304858, 0.9500000000,-0.3067408224,-0.0167060737,6348,199
"110","SA_PUR_div","WT","MUT",1.280017e-01,1.3e-01,"0.13","ns","Wilcoxon","all","ZC3H18",0.8390893,-0.1216761912, 0.9500000000,-0.2982520935, 0.0549104156,6412,135
"111","SA_PUR_div","WT","MUT",8.464963e-02,8.5e-02,"0.085","ns","Wilcoxon","all","ZC3H4",0.7256607,-0.2080450501, 0.9500000000,-0.3839636667,-0.0321081894,6417,130
"112","SA_PUR_div","WT","MUT",8.557764e-02,8.6e-02,"0.086","ns","Wilcoxon","all","ZCCHC8",0.7956333,-0.1544833163, 0.9500000000,-0.3638903904, 0.0549373055,6451, 96
"113","SA_PUR_div","WT","MUT",5.109107e-01,5.1e-01,"0.51","ns","Wilcoxon","all","ZCRB1",0.8901841,-0.0827742322, 0.9500000000,-0.4680324823, 0.3024929107,6519, 28
"114","SA_PUR_div","WT","MUT",9.012739e-02,9.0e-02,"0.09","ns","Wilcoxon","all","ZMYM3",0.8092467,-0.1446279907, 0.9500000000,-0.2926946428, 0.0034513015,6356,191
"115","SA_PUR_div","WT","MUT",5.619885e-02,5.6e-02,"0.056","ns","Wilcoxon","all","ZNF131",0.7320026,-0.2026572248, 0.9500000000,-0.4320110826, 0.0267143758,6469, 78
"116","SA_PUR_div","WT","MUT",3.748671e-01,3.7e-01,"0.37","ns","Wilcoxon","all","ZNF207",0.8561503,-0.1085735815, 0.9500000000,-0.3426425335, 0.1255049009,6471, 76
"117","SA_PUR_div","WT","MUT",5.099745e-02,5.1e-02,"0.051","ns","Wilcoxon","all","ZRSR2",0.8957876,-0.0785617131, 0.9500000000,-0.4108761601, 0.2537595546,6512, 35
"118",NA,NA,NA,NA,NA,NA,NA,NA,NA,NA,NA,NA,NA,NA,NA,NA,NA
